ceoRating,ceoRatingsCount,businessOutlookRating,compensationAndBenefitsRating,cultureAndValuesRating,careerOpportunitiesRating,overallRating,recommendToFriendRating,seniorManagementRating,workLifeBalanceRating,reviewCount,diversityAndInclusionRating,recomend,url
-1,0,1,4.3,4.3,4.6,4.6,0.88,4.3,4.4,9,3.7,88,"https://www.glassdoor.com.br/Vis%C3%A3o-geral/Trabalhar-na-180-Seguros-EI_IE6397601.13,24.htm"
-1,0,0.88,4.7,4.4,4.4,4.5,0.76,4.3,3.5,10,4.4,76,"https://www.glassdoor.com.br/Vis%C3%A3o-geral/Trabalhar-na-ADDI-EI_IE3843870.13,17.htm"
-1,0,0.62,3.6,3.9,3.4,3.8,0.73,3.2,3.3,481,4.4,73,"https://www.glassdoor.com.br/Vis%C3%A3o-geral/Trabalhar-na-99-EI_IE1384588.13,15.htm"
0.95,132,0.86,3.4,4.5,4,4.3,0.87,4,4.5,311,4.2,87,"https://www.glassdoor.com.br/Vis%C3%A3o-geral/Trabalhar-na-Adyen-EI_IE684495.13,18.htm"
-1,0,0.74,4.3,4.1,4.1,4.2,0.85,3.8,3.8,580,4.2,85,"https://www.glassdoor.com.br/Vis%C3%A3o-geral/Trabalhar-na-Agi-EI_IE1997188.13,16.htm"
-1,0,0.76,4.2,4.6,4.1,4.4,0.94,4.1,4.4,160,4.7,94,"https://www.glassdoor.com.br/Vis%C3%A3o-geral/Trabalhar-na-Alelo-EI_IE502801.13,18.htm"
-1,0,0.64,4.1,4.4,4.1,4,0.63,3.9,4.1,17,4.2,63,"https://www.glassdoor.com.br/Vis%C3%A3o-geral/Trabalhar-na-Alice-EI_IE4315940.13,18.htm"
-1,0,0.61,3.4,4.1,3.6,4.3,0.79,3.3,3.7,19,3.7,79,"https://www.glassdoor.com.br/Vis%C3%A3o-geral/Trabalhar-na-Alt-Bank-EI_IE2961448.13,21.htm"
-1,0,0.88,4.1,4.9,4.3,4.9,0.99,4.5,4.8,46,4.7,99,"https://www.glassdoor.com.br/Vis%C3%A3o-geral/Trabalhar-na-Alura-EI_IE2500530.13,18.htm"
0.97,59,0.87,4.2,4.4,4.3,4.4,0.89,4.1,3.8,403,4.3,89,"https://www.glassdoor.com.br/Vis%C3%A3o-geral/Trabalhar-na-Amazon-EI_IE6036.13,19.htm"
1,2,0.83,3.6,4.3,4.3,4.3,0.9,4,4.2,394,4.5,90,"https://www.glassdoor.com.br/Vis%C3%A3o-geral/Trabalhar-na-Ame-Digital-EI_IE2860094.13,24.htm"
1,8,0.82,4.6,4.6,4.2,4.8,0.87,4.4,4.1,85,4.3,87,"https://www.glassdoor.com.br/Vis%C3%A3o-geral/Trabalhar-na-Apple-EI_IE1138.13,18.htm"
0.97,892,0.92,4.5,4.7,4.3,4.6,0.93,4.4,4.6,1260,4.5,93,"https://www.glassdoor.com.br/Vis%C3%A3o-geral/Trabalhar-na-Atlassian-EI_IE115699.13,22.htm"
0.99,129,0.88,4.4,4.5,4.3,4.6,0.87,4.4,4.4,171,4.6,87,"https://www.glassdoor.com.br/Vis%C3%A3o-geral/Trabalhar-na-Auth0-EI_IE1162798.13,18.htm"
0.93,670,0.79,3.9,4.4,4.2,4.2,0.88,4,4,3293,4.6,88,"https://www.glassdoor.com.br/Vis%C3%A3o-geral/Trabalhar-na-Avanade-EI_IE11701.13,20.htm"
0.96,30,0.84,4.4,4.5,4.3,4.5,0.88,4.4,4.5,259,4.7,88,"https://www.glassdoor.com.br/Vis%C3%A3o-geral/Trabalhar-na-Avenue-Code-EI_IE456173.13,24.htm"
0.97,59,0.87,4.2,4.4,4.3,4.4,0.89,4.1,3.8,403,4.3,89,"https://www.glassdoor.com.br/Vis%C3%A3o-geral/Trabalhar-na-Amazon-EI_IE6036.13,19.htm"
0.94,930,0.82,3.5,4.2,4.3,4.3,0.87,4.1,3.8,5852,4.4,87,"https://www.glassdoor.com.br/Overview/Working-at-americanas-s-a-EI_IE10939.11,25.htm?countryRedirect=true"
0.94,930,0.82,3.5,4.2,4.3,4.3,0.87,4.1,3.8,5852,4.4,87,"https://www.glassdoor.com.br/Overview/Working-at-americanas-s-a-EI_IE10939.11,25.htm?countryRedirect=true"
0.94,198,0.83,3.8,4.4,4.2,4.2,0.92,4.1,4.2,277,4.6,92,"https://www.glassdoor.com.br/Vis%C3%A3o-geral/Trabalhar-na-Backbase-EI_IE117266.13,21.htm"
0.89,360,0.8,3.9,4.2,4.1,4.3,0.88,4.1,4.3,684,4.4,88,"https://www.glassdoor.com.br/Vis%C3%A3o-geral/Trabalhar-na-BairesDev-EI_IE864485.13,22.htm"
-1,0,0.85,4.5,4.5,4,4.5,0.93,4,4.2,855,4.5,93,"https://www.glassdoor.com.br/Vis%C3%A3o-geral/Trabalhar-na-banco-BV-EI_IE333951.13,21.htm"
0.87,47,0.8,4.4,4.1,3.9,4.3,0.86,3.9,4,392,4,86,"https://www.glassdoor.com.br/Vis%C3%A3o-geral/Trabalhar-na-Inter-EI_IE2483031.13,18.htm"
-1,0,0.71,4.3,3.7,3.8,4.1,0.85,3.5,3.9,21,4.1,85,"https://www.glassdoor.com.br/Vis%C3%A3o-geral/Trabalhar-na-Banco-Next-EI_IE4839127.13,23.htm"
-1,0,0.65,4.1,3.6,3.4,4,0.81,3.3,3.8,361,3.7,81,"https://www.glassdoor.com.br/Vis%C3%A3o-geral/Trabalhar-na-Banco-Original-EI_IE1026577.13,27.htm"
-1,0,0.79,4.5,4,3.9,4.3,0.9,3.7,3.8,697,4.3,90,"https://www.glassdoor.com.br/Vis%C3%A3o-geral/Trabalhar-na-Banco-PAN-EI_IE1184444.13,22.htm"
1,5,0.88,4.1,4.6,4.5,4.7,0.97,4.3,4.5,186,4.4,97,"https://www.glassdoor.com.br/Vis%C3%A3o-geral/Trabalhar-na-banQi-EI_IE4266216.13,18.htm"
-1,0,0.77,3.7,3.9,3.9,3.8,0.76,3.5,3.3,66,3.5,76,"https://www.glassdoor.com.br/Vis%C3%A3o-geral/Trabalhar-na-Beep-Sa%C3%BAde-EI_IE2836017.13,23.htm"
1,9,0.97,4.7,4.9,4.8,5,1,4.9,4.8,31,4.9,100,"https://www.glassdoor.com.br/Vis%C3%A3o-geral/Trabalhar-na-Belvo-EI_IE3275125.13,18.htm"
-1,0,0.68,4.2,4.1,4,4.1,0.83,3.9,4,52,4,83,"https://www.glassdoor.com.br/Vis%C3%A3o-geral/Trabalhar-na-Bitso-EI_IE1710750.13,18.htm"
0.76,1329,0.54,3.7,3.8,3,3.7,0.73,3.1,3.8,5602,4.2,73,"https://www.glassdoor.com.br/Vis%C3%A3o-geral/Trabalhar-na-Booking-com-EI_IE256653.13,24.htm"
-1,0,0.92,4.5,4.7,4.5,4.6,0.92,4.5,4.5,15,4.3,92,"https://www.glassdoor.com.br/Vis%C3%A3o-geral/Trabalhar-na-BossaBox-EI_IE2800036.13,21.htm"
1,3,0.84,4.3,4.5,4,4.5,0.91,4.1,3.9,1445,4.5,91,"https://www.glassdoor.com.br/Vis%C3%A3o-geral/Trabalhar-na-Grupo-Botic%C3%A1rio-EI_IE2195061.13,28.htm"
0.88,434,0.69,4.2,3.9,3.8,4.1,0.81,3.6,3.4,6989,4,81,"https://www.glassdoor.com.br/Vis%C3%A3o-geral/Trabalhar-na-Banco-Bradesco-EI_IE10997.13,27.htm"
-1,0,0.82,4.4,3.8,4.3,4,0.81,3.9,2.7,772,3.6,81,"https://www.glassdoor.com.br/Vis%C3%A3o-geral/Trabalhar-na-BTG-Pactual-EI_IE411540.13,24.htm"
1,11,0.94,4.7,4.8,4.8,4.8,0.97,4.6,4.5,70,4.4,97,"https://www.glassdoor.com.br/Vis%C3%A3o-geral/Trabalhar-na-Buser-EI_IE2844045.13,18.htm"
0.67,67,0.76,4.2,4.2,4.1,4.2,0.83,3.7,3.4,1152,4.1,83,"https://www.glassdoor.com.br/Vis%C3%A3o-geral/Trabalhar-na-ByteDance-EI_IE1624196.13,22.htm"
-1,0,0.79,4.3,4.3,4.1,4.3,0.84,3.9,3.8,339,4.3,84,"https://www.glassdoor.com.br/Vis%C3%A3o-geral/Trabalhar-na-C6-Bank-EI_IE2469864.13,20.htm"
0.91,209,0.86,4.2,4.7,4.5,4.6,0.93,4.3,4.6,1122,4.7,93,"https://www.glassdoor.com.br/Vis%C3%A3o-geral/Trabalhar-na-CI-and-T-EI_IE140265.13,21.htm"
1,6,0.7,4.1,4.4,4.4,4.4,0.89,3.9,4.3,98,4.2,89,"https://www.glassdoor.com.br/Vis%C3%A3o-geral/Trabalhar-na-ClickBus-EI_IE955083.13,21.htm"
-1,0,0.86,4.5,4.8,4.4,4.6,0.94,4.3,4.6,262,4.5,94,"https://www.glassdoor.com.br/Vis%C3%A3o-geral/Trabalhar-na-ContaAzul-EI_IE1066463.13,22.htm"
-1,0,0.86,4.5,4.8,4.4,4.6,0.94,4.3,4.6,262,4.5,94,"https://www.glassdoor.com.br/Vis%C3%A3o-geral/Trabalhar-na-ContaAzul-EI_IE1066463.13,22.htm"
-1,0,1,4.9,5,4.9,5,1,4.9,4.9,75,4.7,100,"https://www.glassdoor.com.br/Vis%C3%A3o-geral/Trabalhar-na-Cora-Bank-EI_IE3078822.13,22.htm"
0.95,87,0.79,4.1,4.5,4.1,4.5,0.88,4.1,4.3,261,4.5,88,"https://www.glassdoor.com.br/Vis%C3%A3o-geral/Trabalhar-na-Cornershop-by-Uber-EI_IE2435147.13,31.htm"
-1,0,0.85,4.2,4.5,4.3,4.5,0.91,4.2,4.3,1254,4.6,91,"https://www.glassdoor.com.br/Vis%C3%A3o-geral/Trabalhar-na-Creditas-EI_IE2122901.13,21.htm"
1,1,0.6,3.1,4.2,3.5,3.9,0.74,3.4,4.2,65,4.4,74,"https://www.glassdoor.com.br/Vis%C3%A3o-geral/Trabalhar-na-Cubos-EI_IE2110357.13,18.htm"
-1,0,0.75,3.6,4.3,3.8,4.1,0.88,3.5,3.9,672,4.5,88,"https://www.glassdoor.com.br/Vis%C3%A3o-geral/Trabalhar-na-Dafiti-EI_IE701830.13,19.htm"
0.95,6698,0.83,3.9,4.3,4,4.2,0.88,3.9,4.2,24540,4.4,,"https://www.glassdoor.com.br/Vis%C3%A3o-geral/Trabalhar-na-Dell-Technologies-EI_IE1327.13,30.htm"
0.93,1319,0.78,4.2,4.4,4.2,4.3,0.85,4.2,4.3,2044,4.3,85,"https://www.glassdoor.com.br/Vis%C3%A3o-geral/Trabalhar-na-DocuSign-EI_IE307604.13,21.htm"
0.89,29,0.75,4.1,4.5,3.9,4.3,0.9,4,4.2,337,4.7,90,"https://www.glassdoor.com.br/Vis%C3%A3o-geral/Trabalhar-na-EBANX-EI_IE1105630.13,18.htm"
-1,0,0.87,4.3,4.8,3.8,4.6,0.91,4.3,4.6,113,4.5,91,"https://www.glassdoor.com.br/Vis%C3%A3o-geral/Trabalhar-na-Elo7-EI_IE864738.13,17.htm"
-1,0,0.74,4,4.4,4,4.3,0.85,4,4.1,281,4.6,85,"https://www.glassdoor.com.br/Vis%C3%A3o-geral/Trabalhar-na-Escale-EI_IE2255850.13,19.htm"
0.89,990,0.6,4,4.2,3.6,4.1,0.82,3.5,4.2,5292,4.3,82,"https://www.glassdoor.com.br/Vis%C3%A3o-geral/Trabalhar-na-Expedia-Group-EI_IE9876.13,26.htm"
0.89,990,0.6,4,4.2,3.6,4.1,0.82,3.5,4.2,5292,4.3,82,"https://www.glassdoor.com.br/Vis%C3%A3o-geral/Trabalhar-na-Expedia-Group-EI_IE9876.13,26.htm"
0.89,990,0.6,4,4.2,3.6,4.1,0.82,3.5,4.2,5292,4.3,82,"https://www.glassdoor.com.br/Vis%C3%A3o-geral/Trabalhar-na-Expedia-Group-EI_IE9876.13,26.htm"
0.87,4716,0.78,4.6,4.1,4.2,4.3,0.85,3.9,3.8,7779,4.2,85,https://www.glassdoor.com.br/metacareers
0.92,601,0.76,3.8,4.4,3.7,4.2,0.85,3.8,4.2,889,4.4,85,"https://www.glassdoor.com.br/Vis%C3%A3o-geral/Trabalhar-na-FARFETCH-EI_IE799159.13,21.htm"
-1,0,1,4.2,5,4.3,4.6,1,4.5,4.8,12,5,100,"https://www.glassdoor.com.br/Vis%C3%A3o-geral/Trabalhar-na-FinanZero-EI_IE2812408.13,22.htm"
-1,0,0.86,4,4.3,3.5,4.5,1,4.4,4.3,8,4,100,"https://www.glassdoor.com.br/Vis%C3%A3o-geral/Trabalhar-na-Franq-Openbank-EI_IE4022440.13,27.htm"
-1,0,0.71,3.4,3.8,3.8,3.8,0.82,3.7,2.9,103,3.9,82,"https://www.glassdoor.com.br/Vis%C3%A3o-geral/Trabalhar-na-Frubana-EI_IE2462202.13,20.htm"
-1,0,0.84,3.8,4.7,4.4,4.4,0.89,4.1,4.5,109,4.6,89,"https://www.glassdoor.com.br/Vis%C3%A3o-geral/Trabalhar-na-GetNinjas-EI_IE1493964.13,22.htm"
-1,0,1,4.3,4.9,4.6,4.8,0.91,4.5,4.6,19,4.9,91,"https://www.glassdoor.com.br/Vis%C3%A3o-geral/Trabalhar-na-GFT-Group-EI_IE5353645.13,22.htm"
0.94,2526,0.82,3.8,4.5,4.3,4.3,0.93,4.1,4.3,4318,4.6,93,"https://www.glassdoor.com.br/Vis%C3%A3o-geral/Trabalhar-na-Globant-EI_IE150678.13,20.htm"
-1,0,0.62,3.8,3.8,3.5,4.1,0.86,3.4,3.6,1244,4,86,"https://www.glassdoor.com.br/Vis%C3%A3o-geral/Trabalhar-na-Globo-EI_IE321393.13,18.htm"
0.93,5629,0.85,4.5,4.4,4.3,4.5,0.9,4.2,4.3,22884,4.4,90,"https://www.glassdoor.com.br/Vis%C3%A3o-geral/Trabalhar-na-Google-EI_IE9079.13,19.htm"
-1,0,0.79,4.3,4.3,4.2,4.1,0.9,3.7,4.3,146,4.3,90,"https://www.glassdoor.com.br/Vis%C3%A3o-geral/Trabalhar-na-Guiabolso-EI_IE1268911.13,22.htm"
-1,0,1,3.9,4.7,4.7,4.9,1,4.3,4.6,7,4,100,"https://www.glassdoor.com.br/Vis%C3%A3o-geral/Trabalhar-na-Guru-EI_IE4570065.13,17.htm"
0.96,53,0.86,4,4.5,4.2,4.5,0.91,4.2,4.2,305,4.6,91,"https://www.glassdoor.com.br/Vis%C3%A3o-geral/Trabalhar-na-Gympass-EI_IE1419026.13,20.htm"
0.92,19,0.9,4.8,4.7,4.6,4.8,0.94,4.4,4.6,52,4.6,94,"https://www.glassdoor.com.br/Vis%C3%A3o-geral/Trabalhar-na-Hash-EI_IE3133159.13,17.htm"
0.74,614,0.64,3.5,3.6,3.5,3.7,0.71,3.3,3.4,1412,3.7,71,"https://www.glassdoor.com.br/Vis%C3%A3o-geral/Trabalhar-na-HelloFresh-EI_IE998728.13,23.htm"
0.92,84,0.87,4,4.6,4.2,4.5,0.92,4.2,4.4,383,4.6,92,"https://www.glassdoor.com.br/Vis%C3%A3o-geral/Trabalhar-na-Hotmart-EI_IE1139514.13,20.htm"
0.89,41,0.71,4.3,4.4,3.9,4.2,0.85,3.8,4.1,512,4.5,85,"https://www.glassdoor.com.br/Vis%C3%A3o-geral/Trabalhar-na-Huge-EI_IE139928.13,17.htm"
-1,0,0.77,3.7,4.3,3.8,4.2,0.88,3.9,4.1,206,4.3,88,"https://www.glassdoor.com.br/Vis%C3%A3o-geral/Trabalhar-na-Hurb-EI_IE936163.13,17.htm"
-1,0,0.9,4.3,4.7,4.6,4.7,0.93,4.4,4.5,121,4.8,93,"https://www.glassdoor.com.br/Vis%C3%A3o-geral/Trabalhar-na-idwall-EI_IE1948154.13,19.htm"
-1,0,0.85,4.3,4.5,4.3,4.5,0.92,4.1,4.1,1360,4.6,92,"https://www.glassdoor.com.br/Vis%C3%A3o-geral/Trabalhar-na-iFood-EI_IE1396166.13,18.htm"
1,3,0.95,4.1,4.7,4.4,4.7,0.98,4.5,4.6,77,4.7,98,"https://www.glassdoor.com.br/Vis%C3%A3o-geral/Trabalhar-na-%C3%ADlia-Brazil-EI_IE4266621.13,24.htm"
0.95,1965,0.9,4.5,4.6,4.3,4.5,0.91,4.3,4.4,6735,4.6,91,"https://www.glassdoor.com.br/Vis%C3%A3o-geral/Trabalhar-na-Intuit-EI_IE2293.13,19.htm"
1,10,0.87,4.2,4.7,4.4,4.6,0.96,4.4,4.7,329,4.6,96,"https://www.glassdoor.com.br/Vis%C3%A3o-geral/Trabalhar-na-Invillia-EI_IE2411180.13,21.htm"
-1,0,0.9,3.7,4.5,4.3,4.6,0.9,4.4,4.5,23,3.9,90,"https://www.glassdoor.com.br/Vis%C3%A3o-geral/Trabalhar-na-isaac-Brazil-EI_IE4496925.13,25.htm"
0.92,1112,0.81,4.6,4.4,4.1,4.5,0.92,4,3.9,13190,4.4,92,"https://www.glassdoor.com.br/Vis%C3%A3o-geral/Trabalhar-na-Ita%C3%BA-Unibanco-Ita%C3%BA-BBA-e-Rede-EI_IE10999.13,42.htm"
-1,0,1,4.7,4.7,4,4.7,0.94,4.4,4.4,20,4.3,94,"https://www.glassdoor.com.br/Vis%C3%A3o-geral/Trabalhar-na-iti-Ita%C3%BA-EI_IE3347026.13,21.htm"
-1,0,0.64,3.6,4.1,4.1,4.2,0.84,3.9,4,186,4.2,84,"https://www.glassdoor.com.br/Vis%C3%A3o-geral/Trabalhar-na-James-Delivery-EI_IE2570636.13,27.htm"
0.8,843,0.77,4,4,3.7,4.1,0.8,3.6,3.9,3943,4,80,"https://www.glassdoor.com.br/Vis%C3%A3o-geral/Trabalhar-na-John-Deere-EI_IE195.13,23.htm"
-1,0,0.94,4.3,4.8,4.1,4.6,0.95,4.1,4.9,100,4.2,95,"https://www.glassdoor.com.br/Vis%C3%A3o-geral/Trabalhar-na-Jusbrasil-EI_IE755082.13,22.htm"
0.82,64,0.69,3.7,4,4,3.8,0.73,3.7,3.3,183,4.3,73,"https://www.glassdoor.com.br/Vis%C3%A3o-geral/Trabalhar-na-Kavak-EI_IE2833457.13,18.htm"
0,1,0.77,4.1,4.4,4,4.4,0.85,4,3.9,92,4.6,85,"https://www.glassdoor.com.br/Vis%C3%A3o-geral/Trabalhar-na-Kovi-Tecnologia-EI_IE2928151.13,28.htm"
0.84,65,0.66,3.5,3.9,3.6,4,0.81,3.7,3.8,1146,4.2,81,"https://www.glassdoor.com.br/Vis%C3%A3o-geral/Trabalhar-na-Linx-EI_IE676478.13,17.htm"
-1,0,0.59,3.5,4.2,3.8,4,0.76,3.8,3.7,150,4.4,76,"https://www.glassdoor.com.br/Vis%C3%A3o-geral/Trabalhar-na-Liv-Up-EI_IE2319967.13,19.htm"
0.88,22,0.76,3.4,4.2,3.8,4.1,0.86,3.8,4,447,4.4,86,"https://www.glassdoor.com.br/Vis%C3%A3o-geral/Trabalhar-na-Locaweb-EI_IE336159.13,20.htm"
-1,0,0.81,4.3,4.4,4.2,4.4,0.89,4.1,4.1,195,4.4,89,"https://www.glassdoor.com.br/Vis%C3%A3o-geral/Trabalhar-na-Loft-EI_IE2845308.13,17.htm"
-1,0,0.88,4.5,4.6,4.4,4.6,0.93,4.2,4.3,1045,4.8,93,"https://www.glassdoor.com.br/Vis%C3%A3o-geral/Trabalhar-na-Loggi-EI_IE1912134.13,18.htm"
-1,0,0.82,3.8,4.6,4.4,4.5,0.91,4.4,4.4,269,4.7,91,"https://www.glassdoor.com.br/Vis%C3%A3o-geral/Trabalhar-na-Luizalabs-EI_IE2484356.13,22.htm"
-1,0,0.75,4.2,4.3,4.2,4.3,0.88,3.8,4.5,186,4.2,88,"https://www.glassdoor.com.br/Vis%C3%A3o-geral/Trabalhar-na-M4U-EI_IE721446.13,16.htm"
-1,0,0.75,4.2,4.3,4.2,4.3,0.88,3.8,4.5,186,4.2,88,"https://www.glassdoor.com.br/Vis%C3%A3o-geral/Trabalhar-na-M4U-EI_IE721446.13,16.htm"
-1,0,0.68,3.9,4.2,3.8,4,0.82,3.7,3.6,216,4.5,82,"https://www.glassdoor.com.br/Vis%C3%A3o-geral/Trabalhar-na-MaxMilhas-EI_IE1973935.13,22.htm"
0.84,222,0.56,3.9,4.1,3.5,3.9,0.7,3.5,4,595,4.3,70,"https://www.glassdoor.com.br/Vis%C3%A3o-geral/Trabalhar-na-Medallia-EI_IE268806.13,21.htm"
-1,0,0.9,4.3,4.6,4.3,4.3,0.86,4.3,4.5,146,4.4,86,"https://www.glassdoor.com.br/Vis%C3%A3o-geral/Trabalhar-na-M%C3%A9liuz-EI_IE1384857.13,19.htm"
-1,0,0.72,4.1,4.4,4.3,4.6,0.88,4.1,4.6,24,4,88,"https://www.glassdoor.com.br/Vis%C3%A3o-geral/Trabalhar-na-Memed-EI_IE2491775.13,18.htm"
0.93,431,0.83,4.3,4.5,4.1,4.5,0.91,4.1,4,2066,4.6,91,"https://www.glassdoor.com.br/Vis%C3%A3o-geral/Trabalhar-na-Mercado-Livre-EI_IE2372230.13,26.htm"
0.93,431,0.83,4.3,4.5,4.1,4.5,0.91,4.1,4,2066,4.6,91,"https://www.glassdoor.com.br/Vis%C3%A3o-geral/Trabalhar-na-Mercado-Livre-EI_IE2372230.13,26.htm"
-1,0,0.95,4.5,4.7,4.8,4.7,0.97,4.7,4.6,60,4.8,97,"https://www.glassdoor.com.br/Vis%C3%A3o-geral/Trabalhar-na-Meu-Tudo-EI_IE2842333.13,21.htm"
-1,0,0.78,4.2,4.1,4.1,4.4,0.92,3.6,4.1,147,4,92,"https://www.glassdoor.com.br/Vis%C3%A3o-geral/Trabalhar-na-Movile-EI_IE301687.13,19.htm"
0.46,272,0.52,3.2,3.3,3.5,3.5,0.66,2.8,3.5,477,3.8,66,"https://www.glassdoor.com.br/Vis%C3%A3o-geral/Trabalhar-na-N26-EI_IE1032903.13,16.htm"
0.46,272,0.52,3.2,3.3,3.5,3.5,0.66,2.8,3.5,477,3.8,66,"https://www.glassdoor.com.br/Vis%C3%A3o-geral/Trabalhar-na-N26-EI_IE1032903.13,16.htm"
-1,0,0.85,4.5,4.5,4.4,4.5,0.91,4.1,4.3,435,4.6,91,"https://www.glassdoor.com.br/Vis%C3%A3o-geral/Trabalhar-na-Neon-Pagamentos-EI_IE2342778.13,28.htm"
0.91,882,0.84,4.7,4.3,4,4.3,0.87,4,3.7,1494,4.4,87,"https://www.glassdoor.com.br/Vis%C3%A3o-geral/Trabalhar-na-Netflix-EI_IE11891.13,20.htm"
-1,0,0.9,3.8,4.4,4.6,4.6,0.9,4.2,4.2,29,4.8,90,"https://www.glassdoor.com.br/Vis%C3%A3o-geral/Trabalhar-na-Nexoos-EI_IE1646586.13,19.htm"
-1,0,0.6,3.5,3.7,3.8,3.7,0.64,3.6,4,21,3.6,64,"https://www.glassdoor.com.br/Vis%C3%A3o-geral/Trabalhar-na-Noverde-EI_IE2128189.13,20.htm"
0.93,43,0.9,4.4,4.6,4.3,4.5,0.92,4.3,4.4,320,4.4,92,"https://www.glassdoor.com.br/Vis%C3%A3o-geral/Trabalhar-na-Olist-EI_IE2315236.13,18.htm"
-1,0,0.83,4.2,4.5,4.1,4.5,0.93,4.1,4.4,525,4.6,93,"https://www.glassdoor.com.br/Vis%C3%A3o-geral/Trabalhar-na-OLX-Brasil-EI_IE2500798.13,23.htm"
0.98,18,0.81,4.5,4.5,4.3,4.6,0.91,4.3,4.3,35,4.6,91,"https://www.glassdoor.com.br/Vis%C3%A3o-geral/Trabalhar-na-Open-Co-EI_IE4806570.13,20.htm"
-1,0,0.67,3.7,4,4.1,4,0.81,3.5,3.6,140,3.7,81,"https://www.glassdoor.com.br/Vis%C3%A3o-geral/Trabalhar-na-Pagar-me-EI_IE1341379.13,21.htm"
-1,0,0.74,4.1,3.9,3.9,4.3,0.88,3.7,4,893,4.1,88,"https://www.glassdoor.com.br/Vis%C3%A3o-geral/Trabalhar-na-PagBank-PagSeguro-EI_IE1335500.13,30.htm"
-1,0,0.74,4.1,3.9,3.9,4.3,0.88,3.7,4,893,4.1,88,"https://www.glassdoor.com.br/Vis%C3%A3o-geral/Trabalhar-na-PagBank-PagSeguro-EI_IE1335500.13,30.htm"
0.89,2532,0.75,4.1,4.1,3.7,4.1,0.8,3.6,3.9,5400,4.2,80,"https://www.glassdoor.com.br/Vis%C3%A3o-geral/Trabalhar-na-PayPal-EI_IE9848.13,19.htm"
0.88,120,0.74,3.7,3.9,3.7,3.8,0.78,3.4,3.7,449,4,78,"https://www.glassdoor.com.br/Vis%C3%A3o-geral/Trabalhar-na-PayU-EI_IE1018226.13,17.htm"
0.89,111,0.82,3.9,4.2,4.2,4.3,0.93,4,4,346,4.4,93,"https://www.glassdoor.com.br/Vis%C3%A3o-geral/Trabalhar-na-PedidosYa-EI_IE1275051.13,22.htm"
-1,0,0.77,4.2,4.4,4.1,4.4,0.89,3.9,4.2,766,4.4,89,"https://www.glassdoor.com.br/Vis%C3%A3o-geral/Trabalhar-na-PicPay-EI_IE2020252.13,19.htm"
0.95,56,0.88,4.5,4.6,4.3,4.6,0.92,4.2,4.4,152,4.4,92,"https://www.glassdoor.com.br/Vis%C3%A3o-geral/Trabalhar-na-Pipefy-EI_IE1469776.13,19.htm"
-1,0,0.93,4.9,4.9,4.7,4.8,0.93,4.8,4.6,22,5,93,"https://www.glassdoor.com.br/Vis%C3%A3o-geral/Trabalhar-na-Pipo-Sa%C3%BAde-EI_IE3504342.13,23.htm"
-1,0,0.91,4.5,4.4,4.5,4.7,0.91,4.4,4.3,70,4.3,91,"https://www.glassdoor.com.br/Vis%C3%A3o-geral/Trabalhar-na-Pismo-EI_IE2744250.13,18.htm"
-1,0,0.71,3.9,4.5,4.2,4.3,0.75,4,3.2,28,4.7,75,"https://www.glassdoor.com.br/Vis%C3%A3o-geral/Trabalhar-na-Platzi-EI_IE1485738.13,19.htm"
0.98,155,0.83,4.1,4.4,4.2,4.4,0.89,4.1,4,938,4.6,89,"https://www.glassdoor.com.br/Vis%C3%A3o-geral/Trabalhar-na-QuintoAndar-EI_IE1161693.13,24.htm"
0.76,402,0.63,3.6,3.5,3.9,3.8,0.75,3.5,3,1126,4.1,75,"https://www.glassdoor.com.br/Vis%C3%A3o-geral/Trabalhar-na-Rappi-EI_IE1275894.13,18.htm"
0.99,92,0.9,4.3,4.8,4.6,4.7,0.96,4.5,4.4,521,4.7,96,"https://www.glassdoor.com.br/Vis%C3%A3o-geral/Trabalhar-na-RD-Station-EI_IE965847.13,23.htm"
0.99,30,0.94,4.4,4.8,4.4,4.6,0.96,4.3,4.5,105,4.9,96,"https://www.glassdoor.com.br/Vis%C3%A3o-geral/Trabalhar-na-RecargaPay-EI_IE1397947.13,23.htm"
0.92,730,0.83,4.1,4.6,4.3,4.4,0.91,4.1,4.5,2722,4.4,91,"https://www.glassdoor.com.br/Vis%C3%A3o-geral/Trabalhar-na-Red-Hat-EI_IE8868.13,20.htm"
-1,0,0.87,4.2,4.4,4.4,4.4,0.92,4,4.2,117,4.3,,"https://www.glassdoor.com.br/Vis%C3%A3o-geral/Trabalhar-na-Remessa-Online-EI_IE2125029.13,27.htm"
0.77,501,0.69,3.9,3.6,4,3.9,0.73,3.5,3.3,808,4,73,"https://www.glassdoor.com.br/Vis%C3%A3o-geral/Trabalhar-na-Revolut-EI_IE1176471.13,20.htm"
0.51,55,0.61,4,3.3,3.2,3.8,0.74,3.3,3.2,1130,3.2,74,"https://www.glassdoor.com.br/Vis%C3%A3o-geral/Trabalhar-na-Banco-Safra-EI_IE15189.13,24.htm"
0.86,23,0.69,3.6,3.9,3.6,3.9,0.74,3.5,3.8,50,4.2,74,"https://www.glassdoor.com.br/Vis%C3%A3o-geral/Trabalhar-na-Sami-Sa%C3%BAde-EI_IE3577625.13,23.htm"
-1,0,0.78,3.8,4.7,4.2,4.3,0.83,4.1,4.2,96,4.7,83,"https://www.glassdoor.com.br/Vis%C3%A3o-geral/Trabalhar-na-Sanar-EI_IE2313421.13,18.htm"
0.81,343,0.62,3.9,3.7,3.6,3.8,0.74,3.4,3.4,11645,4,74,"https://www.glassdoor.com.br/Vis%C3%A3o-geral/Trabalhar-na-Santander-EI_IE828048.13,22.htm"
0.82,13,0.67,4,4,3.9,4.1,0.78,3.7,3.7,323,4.1,78,"https://www.glassdoor.com.br/Vis%C3%A3o-geral/Trabalhar-na-Serasa-EI_IE2469855.13,19.htm"
0.8,968,0.7,3.8,3.7,3.8,3.8,0.73,3.4,3.1,2698,3.8,73,"https://www.glassdoor.com.br/Vis%C3%A3o-geral/Trabalhar-na-Shopee-EI_IE1263091.13,19.htm"
0.94,109,0.7,3.6,4.1,3.9,4.2,0.87,3.9,4.2,908,4.3,87,"https://www.glassdoor.com.br/Vis%C3%A3o-geral/Trabalhar-na-Softplan-EI_IE656864.13,21.htm"
-1,0,0.71,3.8,4.3,3.9,4.1,0.82,3.7,3.4,2699,4.3,82,"https://www.glassdoor.com.br/Vis%C3%A3o-geral/Trabalhar-na-Stone-EI_IE1093539.13,18.htm"
0.91,201,0.86,4.3,4,4,4,0.75,3.8,3.2,301,4,75,"https://www.glassdoor.com.br/Vis%C3%A3o-geral/Trabalhar-na-Stripe-EI_IE671932.13,19.htm"
0.77,44,0.52,3.7,3.9,3.8,3.9,0.76,3.2,3.5,300,4.2,76,"https://www.glassdoor.com.br/Vis%C3%A3o-geral/Trabalhar-na-SumUp-EI_IE673829.13,18.htm"
-1,0,0.65,3.6,4.2,3.5,4.2,0.83,3.6,3.9,143,4.2,83,"https://www.glassdoor.com.br/Vis%C3%A3o-geral/Trabalhar-na-Sympla-EI_IE1622849.13,19.htm"
-1,0,0.84,4.1,4.6,4.1,4.5,0.94,4.1,4.5,295,4.6,94,"https://www.glassdoor.com.br/Vis%C3%A3o-geral/Trabalhar-na-Take-Blip-EI_IE754538.13,22.htm"
0.98,88,0.87,4.1,4.8,4.6,4.7,0.95,4.3,4.5,423,4.9,95,"https://www.glassdoor.com.br/Vis%C3%A3o-geral/Trabalhar-na-Thoughtworks-EI_IE38334.13,25.htm"
0.77,236,0.74,4.1,4.1,4.1,4.1,0.8,4,4.2,361,4.1,80,"https://www.glassdoor.com.br/Vis%C3%A3o-geral/Trabalhar-na-Toptal-EI_IE882070.13,19.htm"
0.9,143,0.77,3.6,4.2,3.8,4.2,0.88,3.8,4,2751,4.4,88,"https://www.glassdoor.com.br/Vis%C3%A3o-geral/Trabalhar-na-TOTVS-EI_IE140298.13,18.htm"
0.96,17,0.78,4,4.2,4.1,4.2,0.86,3.9,4.1,95,4.2,86,"https://www.glassdoor.com.br/Vis%C3%A3o-geral/Trabalhar-na-Trustly-EI_IE962720.13,20.htm"
-1,0,0.91,4.5,4.7,4.6,4.6,0.95,4.4,4.1,88,4.4,95,"https://www.glassdoor.com.br/Vis%C3%A3o-geral/Trabalhar-na-Trybe-Brazil-EI_IE3790463.13,25.htm"
0.88,133,0.64,4,4.1,3.6,4.3,0.83,3.8,3.8,767,4.2,83,"https://www.glassdoor.com.br/Vis%C3%A3o-geral/Trabalhar-na-Uber-EI_IE575263.13,17.htm"
-1,0,0.83,3.8,4.5,4.3,4.5,0.94,4.3,4.5,613,4.5,94,"https://www.glassdoor.com.br/Vis%C3%A3o-geral/Trabalhar-na-Compass-Uol-EI_IE1331935.13,24.htm"
-1,0,0.67,3.5,3.8,3.6,4,0.79,3.5,3.5,2449,4.3,79,"https://www.glassdoor.com.br/Vis%C3%A3o-geral/Trabalhar-na-Via-EI_IE2002288.13,16.htm"
0.92,104,0.8,4,4.3,4.1,4.3,0.88,3.9,4,357,4.2,88,"https://www.glassdoor.com.br/Vis%C3%A3o-geral/Trabalhar-na-VTEX-EI_IE713645.13,17.htm"
-1,0,0.86,3.9,4.7,4.4,4.6,0.96,4.3,4.5,105,4.6,96,"https://www.glassdoor.com.br/Vis%C3%A3o-geral/Trabalhar-na-Warren-EI_IE2233093.13,19.htm"
0.83,509,0.51,3.7,3.8,3.2,3.6,0.62,3,3.6,2311,4,62,"https://www.glassdoor.com.br/Vis%C3%A3o-geral/Trabalhar-na-WeWork-EI_IE661275.13,19.htm"
-1,0,0.68,4.2,3.9,3.8,3.9,0.75,3,3.7,132,3.1,75,"https://www.glassdoor.com.br/Vis%C3%A3o-geral/Trabalhar-na-Wildlife-Studios-EI_IE1192101.13,29.htm"
-1,0,0.93,4.4,4.8,4.6,4.8,0.96,4.4,4.7,203,4.9,96,"https://www.glassdoor.com.br/Vis%C3%A3o-geral/Trabalhar-na-will-bank-EI_IE4209911.13,22.htm"
-1,0,0.54,2.7,2.8,3,3,0.54,2.8,3.2,17,2.9,54,"https://www.glassdoor.com.br/Vis%C3%A3o-geral/Trabalhar-na-Betterfly-EI_IE4344332.13,22.htm"
-1,0,0.73,4.5,4.3,4.1,4.5,0.89,3.8,4.5,120,4.7,89,"https://www.glassdoor.com.br/Vis%C3%A3o-geral/Trabalhar-na-Youse-Seguros-EI_IE1273564.13,26.htm"
-1,0,0.9,4.4,4.6,4.5,4.7,0.93,4.4,4.4,167,4.6,93,"https://www.glassdoor.com.br/Vis%C3%A3o-geral/Trabalhar-na-Z%C3%A9-Delivery-EI_IE3219952.13,24.htm"
1,4,0.87,4.8,4.4,4.3,4.3,1,4.6,4,18,4.1,100,"https://www.glassdoor.com.br/Vis%C3%A3o-geral/Trabalhar-na-Zendesk-EI_IE360923.13,20.htm"
-1,0,0.81,4,4.2,4.1,4.1,0.82,4.1,4.1,33,4.2,82,"https://www.glassdoor.com.br/Vis%C3%A3o-geral/Trabalhar-na-Zenklub-EI_IE3336218.13,20.htm"
-1,0,0.85,4.2,4.4,4.2,4.4,0.89,4.1,4.4,149,4.7,89,"https://www.glassdoor.com.br/Vis%C3%A3o-geral/Trabalhar-na-Zenvia-EI_IE1290025.13,19.htm"
0.92,23,0.66,4.3,4.2,3.8,4,0.82,3.6,3.8,102,4.6,82,"https://www.glassdoor.com.br/Vis%C3%A3o-geral/Trabalhar-na-Zoop-EI_IE2850162.13,17.htm"
0.96,154,0.87,4.5,4.7,4.5,4.6,0.94,4.2,4.5,1140,4.6,94,"https://www.glassdoor.com.br/Vis%C3%A3o-geral/Trabalhar-na-Zup-Innovation-EI_IE2482761.13,27.htm"
-1,0,0.84,4.4,4.1,4,4.4,0.88,3.6,4.2,58,3.9,88,"https://www.glassdoor.com.br/Vis%C3%A3o-geral/Trabalhar-na-Mercado-Bitcoin-EI_IE2748106.13,28.htm"
-1,0,0.9,4.5,4.5,4.5,4.6,0.92,4.3,4.4,65,4.5,92,"https://www.glassdoor.com.br/Vis%C3%A3o-geral/Trabalhar-na-CloudWalk-Inc-EI_IE2722308.13,26.htm"
-1,0,0.78,3.2,4.1,3.8,3.9,0.78,3.7,3.9,81,4.4,78,"https://www.glassdoor.com.br/Vis%C3%A3o-geral/Trabalhar-na-Tembici-EI_IE2486348.13,20.htm"
-1,0,0.86,3.9,4,4.1,4.3,0.91,4.1,4.2,115,4.1,91,"https://www.glassdoor.com.br/Vis%C3%A3o-geral/Trabalhar-na-Intelipost-EI_IE2484852.13,23.htm"
-1,0,0.58,3.7,4.3,3.4,4,0.71,3.7,3.4,16,3.8,71,"https://www.glassdoor.com.br/Vis%C3%A3o-geral/Trabalhar-na-Ingresse-EI_IE2384355.13,21.htm"
-1,0,1,3.8,3.7,4,4.2,0.75,3.7,4,4,3.7,75,"https://www.glassdoor.com.br/Vis%C3%A3o-geral/Trabalhar-na-Swap-Brazil-EI_IE4742954.13,24.htm"
-1,0,0.92,4.3,4.3,4.4,4.4,0.98,4,3.7,34,4.4,98,"https://www.glassdoor.com.br/Vis%C3%A3o-geral/Trabalhar-na-EmCasa-Brazil-EI_IE2828637.13,26.htm"
-1,0,0.64,3.9,4.3,4.3,4.3,0.8,4,4.4,36,4.2,80,"https://www.glassdoor.com.br/Vis%C3%A3o-geral/Trabalhar-na-Rocket-Chat-EI_IE2244250.13,24.htm"
0.94,31,0.83,4.2,4.4,4.1,4.4,0.86,3.9,4.1,242,4.3,86,"https://www.glassdoor.com.br/Vis%C3%A3o-geral/Trabalhar-na-Omie-EI_IE2483805.13,17.htm"
-1,0,0.82,3.9,4.3,4,4.4,0.86,4,4.3,71,3.9,86,"https://www.glassdoor.com.br/Vis%C3%A3o-geral/Trabalhar-na-Cobli-EI_IE2304948.13,18.htm"
1,10,0.87,4.4,4.6,4.4,4.6,0.88,4.3,4.4,32,4.2,88,"https://www.glassdoor.com.br/Vis%C3%A3o-geral/Trabalhar-na-Pier-EI_IE2848417.13,17.htm"
-1,0,1,4.8,5,4.9,5,1,5,5,28,4.4,100,"https://www.glassdoor.com.br/Vis%C3%A3o-geral/Trabalhar-na-Justos-EI_IE5222765.13,19.htm"
